day_type,average_sales
Holiday,358.4338115476292
Normal,359.08595433845795
