type_right,average_sales
Additional,487.6289251602192
Transfer,467.75311008471135
Bridge,446.7508539567902
Event,425.6600651970948
Work Day,372.15752385325476
Holiday,358.43381154762926
,352.1591805623011
