state,average_sales
Pichincha,556.0604045212265
Tungurahua,363.8465124696379
Loja,340.302199206103
El Oro,301.39196982474715
Azuay,295.8054630251001
Esmeraldas,295.6408773017857
Los Rios,288.2822124827444
Guayas,271.0621413599891
Bolivar,235.35254909117427
Santo Domingo de los Tsachilas,215.79606749759793
Imbabura,206.26768064412502
Santa Elena,206.05064034911243
Chimborazo,205.2693134818075
Cotopaxi,191.00967410308166
Manabi,151.09107383606778
Pastaza,74.27512980108553
