state,average_sales
Pichincha,556.0604045212272
Tungurahua,363.84651246963773
Loja,340.30219920610307
El Oro,301.39196982474726
Azuay,295.8054630250998
Esmeraldas,295.64087730178557
Los Rios,288.28221248274446
Guayas,271.06214135998914
Bolivar,235.35254909117432
Santo Domingo de los Tsachilas,215.79606749759796
Imbabura,206.26768064412502
Santa Elena,206.05064034911237
Chimborazo,205.2693134818075
Cotopaxi,191.0096741030817
Manabi,151.09107383606778
Pastaza,74.27512980108553
