year,total_sales
2013,142487960.54957557
2014,213004360.01920137
2015,243832137.86971527
2016,299181962.7816138
2017,198068322.9861436
