year,total_sales
2013,142487960.5495756
2014,213004360.01920167
2015,243832137.8697147
2016,299181962.7816142
2017,198068322.9861443
